{
  "mean_return": 1.0311115455809154,
  "std_return": 1.1495235662502032,
  "sharpe_ratio": 0.8969903496145338,
  "max_drawdown": -0.2225433420705898,
  "worst_drawdown": -0.8864107003808405,
  "var_95": 0.05151790974055365,
  "cvar_95": -0.1812102593690515,
  "prob_loss": 0.039,
  "calmar_ratio": 4.633306644841576
}